file,method,user_test,seed,acc,macro_f1,ece,brier,aurc
erm_brier_large_user1_train12000_test-1_lp0_0_lb0_1_seed123_summary,ERM+Brier,1,123,0.2962354724608388,0.20374146886492908,0.4137647854462605,1.0554255247116089,0.5684873210157994
erm_brier_large_user1_train12000_test-1_lp0_0_lb0_1_seed42_summary,ERM+Brier,1,42,0.27235977766548763,0.1894136400449277,0.4126349796210202,1.0719289779663086,0.614013692287859
erm_brier_large_user1_train12000_test-1_lp0_0_lb0_1_seed999_summary,ERM+Brier,1,999,0.2743810005053057,0.1865396749315771,0.43479008017321497,1.0899772644042969,0.6134558860974941
erm_brier_large_user3_train12000_test-1_lp0_0_lb0_1_seed123_summary,ERM+Brier,3,123,0.4428300694883133,0.21166107021370076,0.255142081659903,0.8004370927810669,0.37868005934703425
erm_brier_large_user3_train12000_test-1_lp0_0_lb0_1_seed42_summary,ERM+Brier,3,42,0.4261949884186144,0.20101672575707544,0.30228121066299285,0.8428334593772888,0.39435434504593514
erm_brier_large_user3_train12000_test-1_lp0_0_lb0_1_seed999_summary,ERM+Brier,3,999,0.4421983575489577,0.21371628136993312,0.26525475854314134,0.7958604693412781,0.36809992268101044
erm_brier_large_user5_train12000_test-1_lp0_0_lb0_1_seed123_summary,ERM+Brier,5,123,0.5742222222222222,0.24885367361947308,0.1577683129443063,0.611228883266449,0.22155877886878117
erm_brier_large_user5_train12000_test-1_lp0_0_lb0_1_seed42_summary,ERM+Brier,5,42,0.5617777777777778,0.24099276300777658,0.19320837306976318,0.639123260974884,0.24106839887301126
erm_brier_large_user5_train12000_test-1_lp0_0_lb0_1_seed999_summary,ERM+Brier,5,999,0.528,0.22756891359009265,0.21807153489854603,0.6872081756591797,0.2801558146476746
erm_large_user1_train12000_test-1_lp0_0_lb0_0_seed123_summary,ERM,1,123,0.3019201616978272,0.20367031418369305,0.40941261950769225,1.0452699661254883,0.5586663637952168
erm_large_user1_train12000_test-1_lp0_0_lb0_0_seed42_summary,ERM,1,42,0.2733703890853967,0.1913933686206965,0.4183367982152859,1.0734072923660278,0.6087796790859445
erm_large_user1_train12000_test-1_lp0_0_lb0_0_seed999_summary,ERM,1,999,0.2813289540171804,0.19535553548069065,0.42257150670512567,1.074450969696045,0.6012247129559456
erm_large_user3_train12000_test-1_lp0_0_lb0_0_seed123_summary,ERM,3,123,0.4297746894082965,0.2032156878741292,0.263642068413414,0.8107811212539673,0.3875717902891408
erm_large_user3_train12000_test-1_lp0_0_lb0_0_seed42_summary,ERM,3,42,0.4308275426405559,0.19793595650244342,0.2988347643537254,0.8345233201980591,0.3808934355590388
erm_large_user3_train12000_test-1_lp0_0_lb0_0_seed999_summary,ERM,3,999,0.4527268898715519,0.21882487830120245,0.25993536404243994,0.7899050116539001,0.3614691124260614
erm_large_user5_train12000_test-1_lp0_0_lb0_0_seed123_summary,ERM,5,123,0.568,0.24537959440747867,0.16834494213263193,0.623565673828125,0.22786311517821417
erm_large_user5_train12000_test-1_lp0_0_lb0_0_seed42_summary,ERM,5,42,0.5475555555555556,0.23327746800359928,0.2049358639452193,0.6466339230537415,0.2456420498953925
erm_large_user5_train12000_test-1_lp0_0_lb0_0_seed999_summary,ERM,5,999,0.5466666666666666,0.23586903982290686,0.20003300099902682,0.6513918042182922,0.25439986761411026
erm_proto_large_user1_train12000_test-1_lp0_003_lb0_0_seed123_summary,ERM+Proto,1,123,0.2948458817584639,0.21202008576258183,0.411854581712562,1.0509562492370605,0.5683739966157111
erm_proto_large_user1_train12000_test-1_lp0_003_lb0_0_seed42_summary,ERM+Proto,1,42,0.28372915613946437,0.19756740214597845,0.4199547513532572,1.0736558437347412,0.5942629456911622
erm_proto_large_user1_train12000_test-1_lp0_003_lb0_0_seed999_summary,ERM+Proto,1,999,0.27160181910055586,0.19550957216836998,0.4301335235936224,1.0870108604431152,0.6157388459512716
erm_proto_large_user3_train12000_test-1_lp0_003_lb0_0_seed123_summary,ERM+Proto,3,123,0.4356706675089492,0.20704700076193758,0.27156132489762874,0.8149035573005676,0.39411713378407826
erm_proto_large_user3_train12000_test-1_lp0_003_lb0_0_seed42_summary,ERM+Proto,3,42,0.44261949884186147,0.20865955374423945,0.28019322226815135,0.8179882764816284,0.3785455014911996
erm_proto_large_user3_train12000_test-1_lp0_003_lb0_0_seed999_summary,ERM+Proto,3,999,0.4432512107812171,0.21163280750046276,0.2685212251806942,0.805704653263092,0.37995537906527443
erm_proto_large_user5_train12000_test-1_lp0_003_lb0_0_seed123_summary,ERM+Proto,5,123,0.5573333333333333,0.2424760251321415,0.18558480232291752,0.6309982538223267,0.2337031519677904
erm_proto_large_user5_train12000_test-1_lp0_003_lb0_0_seed42_summary,ERM+Proto,5,42,0.5671111111111111,0.24036405210056666,0.1879474497768614,0.616820216178894,0.22461453051037258
erm_proto_large_user5_train12000_test-1_lp0_003_lb0_0_seed999_summary,ERM+Proto,5,999,0.5653333333333334,0.24347707014542763,0.1938411644299825,0.6262847185134888,0.22494082877371047
