,,acc,acc,macro_f1,macro_f1,ece,ece,brier,brier,aurc,aurc,sel_acc_50,sel_acc_50,sel_acc_80,sel_acc_80
,,mean,std,mean,std,mean,std,mean,std,mean,std,mean,std,mean,std
method,user_test,,,,,,,,,,,,,,
BiGRU ERM,1,0.4603,0.0198,0.4017,0.0186,0.3554,0.0739,0.8621,0.083,0.3639,0.0212,0.608,0.0264,0.5127,0.0263
BiGRU ERM,3,0.5485,0.0141,0.2587,0.0062,0.3216,0.0172,0.7442,0.0287,0.2523,0.0163,0.7353,0.0152,0.6163,0.0181
BiGRU ERM,5,0.7452,0.0019,0.3215,0.0081,0.1322,0.0443,0.3949,0.0226,0.0892,0.0016,0.9253,0.0018,0.8296,0.0046
BiGRU+Proto(0.001),1,0.4654,0.0059,0.4035,0.0143,0.3712,0.0558,0.8744,0.0583,0.3576,0.0154,0.6056,0.0147,0.5148,0.007
BiGRU+Proto(0.001),3,0.5534,0.0129,0.259,0.0073,0.2773,0.0615,0.7035,0.0573,0.2438,0.0116,0.7457,0.0109,0.6231,0.0144
BiGRU+Proto(0.001),5,0.7422,0.0105,0.3153,0.0065,0.1143,0.0664,0.3939,0.0424,0.091,0.0059,0.93,0.0072,0.8219,0.0036
BiGRU+Proto(0.001),6,0.7004,,0.2248,,0.2004,,0.4985,,0.1924,,0.8274,,0.7711,
BiGRU+Proto(0.001),9,0.8371,,0.3049,,0.0176,,0.2236,,0.0351,,0.9893,,0.9282,
