file,method,user_test,seed,acc,macro_f1,ece,brier,aurc,sel_acc_50,sel_acc_80
bigru_mixup_user1_train-1_test-1_ma0_4_mp0_5_seed42_summary.json,BiGRU + Mixup,1,42,0.4756189994946943,0.41390987729681966,0.34105554836161694,0.8311790823936462,0.33711740710387156,0.6349166245578575,0.5305542396968261
bigru_mixup_user1_train-1_test-1_ma0_4_mp0_5_seed123_summary.json,BiGRU + Mixup,1,123,0.4689236988377969,0.4248692194145065,0.3484353345280919,0.848430871963501,0.3504009741598937,0.6250631632137443,0.5195010263698089
bigru_mixup_user1_train-1_test-1_ma0_4_mp0_5_seed999_summary.json,BiGRU + Mixup,1,999,0.4653865588681152,0.4083959810551417,0.35549057908676196,0.8564152121543884,0.35885437734202946,0.608388074785245,0.5193431233222802
bigru_mixup_user3_train-1_test-1_ma0_4_mp0_5_seed42_summary.json,BiGRU + Mixup,3,42,0.5540113708149084,0.26274056101126053,0.29309975112845055,0.7121198773384094,0.2522390999902447,0.7363100252737995,0.6191102921821532
bigru_mixup_user3_train-1_test-1_ma0_4_mp0_5_seed123_summary.json,BiGRU + Mixup,3,123,0.5569593598652348,0.2641041017158934,0.26421650803310043,0.6859258413314819,0.24805481961888498,0.7417860151642797,0.6230586996578047
bigru_mixup_user3_train-1_test-1_ma0_4_mp0_5_seed999_summary.json,BiGRU + Mixup,3,999,0.5822278374394609,0.27051869653379534,0.2502383804931267,0.6539081335067749,0.23141132896637812,0.7657961246840775,0.6535930508028428
bigru_mixup_user5_train-1_test-1_ma0_4_mp0_5_seed42_summary.json,BiGRU + Mixup,5,42,0.76,0.3310437125385318,0.08489544820785522,0.35216450691223145,0.08070350541008843,0.9323843416370108,0.8511111111111112
bigru_mixup_user5_train-1_test-1_ma0_4_mp0_5_seed123_summary.json,BiGRU + Mixup,5,123,0.728,0.3074463833373331,0.1327754559384452,0.4055382013320923,0.09391346086396113,0.9234875444839856,0.8155555555555556
bigru_mixup_user5_train-1_test-1_ma0_4_mp0_5_seed999_summary.json,BiGRU + Mixup,5,999,0.7448888888888889,0.32627200068096396,0.060148505356576704,0.36464789509773254,0.08528946426179673,0.9252669039145908,0.8344444444444444
bigru_erm_user1_train-1_test-1_lp0_0_seed42_summary.json,BiGRU ERM,1,42,0.44909044972208184,0.3839203760213914,0.4080142476767708,0.9238094091415405,0.3760198467515104,0.5922182920667004,0.4945523448602558
bigru_erm_user1_train-1_test-1_lp0_0_seed123_summary.json,BiGRU ERM,1,123,0.48319858514401215,0.42106894152479996,0.27091204226694665,0.7677496075630188,0.3394205218812563,0.6384537645275392,0.5428706774040739
bigru_erm_user1_train-1_test-1_lp0_0_seed999_summary.json,BiGRU ERM,1,999,0.44858514401212735,0.3999805713541207,0.38723093589759344,0.8946996331214905,0.3762322762146208,0.5932289034866094,0.5005526606663508
bigru_erm_user3_train-1_test-1_lp0_0_seed42_summary.json,BiGRU ERM,3,42,0.5497999578858707,0.26012963698638053,0.32238548117377774,0.7447819113731384,0.25353309362781606,0.7358887952822241,0.6196367465122401
bigru_erm_user3_train-1_test-1_lp0_0_seed123_summary.json,BiGRU ERM,3,123,0.5337965887555275,0.2519687107363526,0.33840082179787134,0.7726873755455017,0.26797389171454344,0.7198820556023589,0.5967359831534614
bigru_erm_user3_train-1_test-1_lp0_0_seed999_summary.json,BiGRU ERM,3,999,0.5618024847336281,0.26410751698467916,0.30396526011448705,0.7152484655380249,0.23538895072774352,0.7502106149957877,0.6325348775993682
bigru_erm_user5_train-1_test-1_lp0_0_seed42_summary.json,BiGRU ERM,5,42,0.7431111111111111,0.3270781528264501,0.16169974352253808,0.4103241562843323,0.08885215595033434,0.9234875444839856,0.8244444444444444
bigru_erm_user5_train-1_test-1_lp0_0_seed123_summary.json,BiGRU ERM,5,123,0.7466666666666667,0.31212009251193656,0.15357363027996485,0.4054272174835205,0.09092988438076442,0.9252669039145908,0.8333333333333334
bigru_erm_user5_train-1_test-1_lp0_0_seed999_summary.json,BiGRU ERM,5,999,0.7457777777777778,0.325202843638155,0.0813036367893219,0.368926078081131,0.08780198820432027,0.9270462633451956,0.8311111111111111
