coverage,num_selected,selective_acc,selective_macro_f1,avg_confidence
1.0,2000,0.2355,0.14944425356713428,0.6450908184051514
0.9,1800,0.24388888888888888,0.14259624014496222,0.6876002550125122
0.8,1600,0.25625,0.14287132552581774,0.7279584407806396
0.7,1400,0.27071428571428574,0.1433268824626486,0.7685344815254211
0.6,1200,0.29,0.14823836680894992,0.809664249420166
0.5,1000,0.307,0.15191562036505407,0.8513400554656982
0.4,800,0.32625,0.15378086394332116,0.8908857703208923
0.3,600,0.3433333333333333,0.14586247058844018,0.925908625125885
0.2,400,0.3975,0.16347077129562523,0.9570818543434143
0.1,200,0.5,0.18521794483046347,0.9815673828125
